company,trigger_date,trigger,why_proofttl_fits,source_url,status,next_action
Fireflies.ai,2026-07-21,"Launched AI Sales Suite combining meetings, email, CRM, and company knowledge","Cross-source sales intelligence can surface stale pricing, policy, competitor, and account claims; strong fit for time-bound verification",https://www.globenewswire.com/news-release/2026/07/21/3330765/0/en/Fireflies-launches-AI-Sales-Suite-bringing-enterprise-sales-intelligence-to-its-20-million-users-at-a-fraction-of-what-legacy-platforms-charge.html,qualified,"Find Head/VP Product or AI owner; personalize around Sales Suite launch"
Higher Logic,2026-08-11,"Launched AI Assistant using association-selected knowledge and source-linked answers","Very recent source-grounded assistant launch; source drift directly affects member-facing answers",https://finance.yahoo.com/technology/ai/articles/higher-logic-launches-ai-assistant-130000186.html,qualified,"Find AI Assistant product owner; reference launch date and governed-source promise"
Frigade,2026-07-14,"Launched Skills for in-product AI assistants that take actions","Action-taking assistants raise the cost of stale or incorrect factual context; strong pre-action verification angle",https://www.prnewswire.com/news-releases/frigade-launches-skills-giving-any-product-an-ai-assistant-that-takes-action-for-users-no-code-required-302824744.html,qualified,"Find founder/product lead; lead with verification-before-action risk"
Crescendo,2026-06-18,"Introduced Optimization Agent for self-improving AI CX deployment","Continuously changing assistant configurations make evidence freshness and regression of factual claims relevant",https://www.crescendo.ai/news/crescendo-optimization-agent,qualified,"Find AI product/engineering leader; reference continuous optimization loop"
Lighthouse,2026-06-09,"Launched Ernest AI assistant for hotel commercial teams","Revenue/pricing/distribution data changes quickly; stale commercial facts can affect decisions",https://skift.com/2026/06/09/lighthouse-ernest-ai-hotel-commercial-tech/,qualified,"Find Ernest product owner; personalize around commercial-data freshness"
Enterpret,2026-04-01,"Shipped Slack AI assistant and cited conversational customer-intelligence answers","Cited answers from changing customer data are a direct fit for time-bound claim verification",https://www.enterpret.com/changelog/april-2026-product-highlights,qualified,"Find Wisdom/AI assistant PM; reference cited answers and multi-surface rollout"
Paragon,2026-05-06,"Launched ActionKit Triggers for real-time agent integrations and RAG ingestion","Agent systems reacting to live external data need a way to know when reused factual claims are stale",https://www.prnewswire.com/news-releases/paragon-completes-the-ai-integration-layer-with-actionkit-triggers-302763537.html,qualified,"Find product/AI infra lead; pitch claim freshness across RAG + triggers"
Firmable,2026-07-29,"Launched MCP access to verified company/contact data for AI tools","Their own launch explicitly calls out agents hallucinating stale company details; strongest problem-language match",https://www.prnewswire.com/apac/news-releases/firmable-launches-mcp-giving-sales-teams-a-direct-line-from-any-ai-tool-to-verified-company-and-contact-data-302836638.html,qualified,"Priority prospect: quote their stale-data problem and offer sample audit"
JAGGAER,2026-05-05,"Launched JAI procurement AI assistant over spending, suppliers, contracts, and policies","Procurement answers depend on policy, supplier, and contract facts that change and can be high consequence",https://www.jaggaer.com/press-release/jaggaer-launches-jai-ai-assistant,qualified,"Find JAI PM/AI leader; focus on policy/contract fact freshness"
Ironclad,2026-03-19,"Launched conversational assistant and AI agents over contract intelligence","Contract-derived facts are high-stakes and change with amendments/workflows; strong verification-history use case",https://www.prnewswire.com/news-releases/ironclad-unveils-new-ai-assistant-and-agents-to-bring-contract-intelligence-to-every-agreement-302717729.html,qualified,"Find AI/contract-intelligence product owner; focus on auditability and change history"
